{
	"vertices": [
		754,
		509
	],
	"reduction_factor": [
		1.0,
		1.0
	],
	"max_levels": [
		null,
		null
	],
	"global_min_vertices": [
		100,
		100
	],
	"matching": [
		"mlpb",
		"mlpb"
	],
	"similarity": [
		"weighted_common_neighbors",
		"weighted_common_neighbors"
	],
	"upper_bound": [
		0.1,
		0.1
	],
	"itr": [
		10,
		10
	],
	"tolerance": [
		0.0001,
		0.0001
	],
	"directory": "output",
	"output": "moreno",
	"input": "input/moreno.ncol",
	"save_conf": true,
	"save_ncol": true,
	"save_gml": false,
	"save_source": true,
	"save_predecessor": true,
	"save_successor": true,
	"save_timing": false,
	"save_hierarchy": true,
	"unique_key": false,
	"show_timing": false,
	"show_conf": false
}
