{"vertices": [8788, 15433], "reduction_factor": [0.1, 0.1], "max_levels": [12, 12], "global_min_vertices": [100, 100], "matching": ["gmb", "gmb"], "similarity": ["weighted_common_neighbors", "weighted_common_neighbors"], "upper_bound": [0.1, 0.1], "itr": [10, 10], "tolerance": [0.0001, 0.0001], "directory": "./mlpb/5ce057a01f9c4e142f55ec1etolerance0.00010.0001itr1010upper_bound0.10.1similarityweighted_common_neighborsweighted_common_neighborsmatchinggmbgmbglobal_min_vertices100100max_levels1212reduction0.10.1", "output": "moreno", "input": "./mlpb/input/5ce057a01f9c4e142f55ec1e.ncol", "save_conf": true, "save_ncol": true, "save_gml": false, "save_source": true, "save_predecessor": true, "save_successor": true, "save_timing": false, "save_hierarchy": true, "unique_key": false, "show_timing": false, "show_conf": false}